methods,accuracy
Logit,67.1208419470025
Lasso,67.0503664724676
Ridge,66.4004259850905
Elastic net,67.0300068909353
Random Forest,68.0495520892063
XGBoost,69.6642235168828
